<?xml version="1.0" encoding="UTF-8"?>
<export version="D">
  <design>
    <source>C:\Users\Scott\Documents\KiCad\GPSLogger.sch</source>
    <date>6/29/2017 4:11:25 PM</date>
    <tool>Eeschema 4.0.6</tool>
    <sheet number="1" name="/" tstamps="/">
      <title_block>
        <title/>
        <company/>
        <rev/>
        <date/>
        <source>GPSLogger.sch</source>
        <comment number="1" value=""/>
        <comment number="2" value=""/>
        <comment number="3" value=""/>
        <comment number="4" value=""/>
      </title_block>
    </sheet>
  </design>
  <components>
    <comp ref="C1">
      <value>82nF</value>
      <footprint>Capacitors_SMD:C_0805_HandSoldering</footprint>
      <libsource lib="device" part="C"/>
      <sheetpath names="/" tstamps="/"/>
      <tstamp>58C7CCD2</tstamp>
    </comp>
    <comp ref="C2">
      <value>2.2uF</value>
      <footprint>Capacitors_SMD:C_0805_HandSoldering</footprint>
      <libsource lib="device" part="C"/>
      <sheetpath names="/" tstamps="/"/>
      <tstamp>58C7CE8C</tstamp>
    </comp>
    <comp ref="SD1">
      <value>SDCard_Breakout</value>
      <footprint>EbayParts:SDCard_Breakout</footprint>
      <libsource lib="EbayParts" part="SDCard_Breakout"/>
      <sheetpath names="/" tstamps="/"/>
      <tstamp>58C79E1B</tstamp>
    </comp>
    <comp ref="U3">
      <value>HM-11</value>
      <footprint>EbayParts:HM-11_Breakout</footprint>
      <libsource lib="EbayParts" part="HM-11"/>
      <sheetpath names="/" tstamps="/"/>
      <tstamp>58CB7743</tstamp>
    </comp>
    <comp ref="R1">
      <value>10k</value>
      <footprint>Resistors_SMD:R_0805_HandSoldering</footprint>
      <libsource lib="device" part="R_Small"/>
      <sheetpath names="/" tstamps="/"/>
      <tstamp>58CE2A45</tstamp>
    </comp>
    <comp ref="R2">
      <value>100k</value>
      <footprint>Resistors_SMD:R_0805_HandSoldering</footprint>
      <libsource lib="device" part="R_Small"/>
      <sheetpath names="/" tstamps="/"/>
      <tstamp>58CE59D8</tstamp>
    </comp>
    <comp ref="R3">
      <value>10k</value>
      <footprint>Resistors_SMD:R_0805_HandSoldering</footprint>
      <libsource lib="device" part="R_Small"/>
      <sheetpath names="/" tstamps="/"/>
      <tstamp>58CE85D8</tstamp>
    </comp>
    <comp ref="R11">
      <value>22k</value>
      <footprint>Resistors_SMD:R_0805_HandSoldering</footprint>
      <libsource lib="device" part="R"/>
      <sheetpath names="/" tstamps="/"/>
      <tstamp>58CEFD41</tstamp>
    </comp>
    <comp ref="Batt+1">
      <value>+Batt</value>
      <footprint>EbayParts:Pin_Header_1x01_Pitch2.54mm</footprint>
      <libsource lib="conn" part="CONN_01X01"/>
      <sheetpath names="/" tstamps="/"/>
      <tstamp>58CFC58C</tstamp>
    </comp>
    <comp ref="Batt-1">
      <value>-Batt</value>
      <footprint>EbayParts:Pin_Header_1x01_Pitch2.54mm</footprint>
      <libsource lib="conn" part="CONN_01X01"/>
      <sheetpath names="/" tstamps="/"/>
      <tstamp>58CFC7C9</tstamp>
    </comp>
    <comp ref="BattSwitch1">
      <value>BattSwitch</value>
      <footprint>EbayParts:Pin_Header_1x03_Pitch2.54mm</footprint>
      <libsource lib="conn" part="CONN_01X03"/>
      <sheetpath names="/" tstamps="/"/>
      <tstamp>58D0EFA6</tstamp>
    </comp>
    <comp ref="BLE_PWR_Switch1">
      <value>BLE_PWR_Switch</value>
      <footprint>EbayParts:Pin_Header_1x03_Pitch2.54mm</footprint>
      <libsource lib="conn" part="CONN_01X03"/>
      <sheetpath names="/" tstamps="/"/>
      <tstamp>58D0B2C5</tstamp>
    </comp>
    <comp ref="R12">
      <value>100k</value>
      <footprint>Resistors_SMD:R_0805_HandSoldering</footprint>
      <libsource lib="device" part="R_Small"/>
      <sheetpath names="/" tstamps="/"/>
      <tstamp>58D1E754</tstamp>
    </comp>
    <comp ref="R8">
      <value>10k</value>
      <footprint>Resistors_SMD:R_0805_HandSoldering</footprint>
      <libsource lib="device" part="R_Small"/>
      <sheetpath names="/" tstamps="/"/>
      <tstamp>58D27FE9</tstamp>
    </comp>
    <comp ref="MAX1">
      <value>MAX8212</value>
      <footprint>EbayParts:SOIC-8-N</footprint>
      <libsource lib="EbayParts" part="MAX8212"/>
      <sheetpath names="/" tstamps="/"/>
      <tstamp>58D3E43D</tstamp>
    </comp>
    <comp ref="R9">
      <value>1M</value>
      <footprint>Resistors_SMD:R_0805_HandSoldering</footprint>
      <libsource lib="device" part="R_Small"/>
      <sheetpath names="/" tstamps="/"/>
      <tstamp>58D4430C</tstamp>
    </comp>
    <comp ref="R6">
      <value>56k</value>
      <footprint>Resistors_SMD:R_0805_HandSoldering</footprint>
      <libsource lib="device" part="R_Small"/>
      <sheetpath names="/" tstamps="/"/>
      <tstamp>58D44E32</tstamp>
    </comp>
    <comp ref="R5">
      <value>100k</value>
      <footprint>Resistors_SMD:R_0805_HandSoldering</footprint>
      <libsource lib="device" part="R_Small"/>
      <sheetpath names="/" tstamps="/"/>
      <tstamp>58D45299</tstamp>
    </comp>
    <comp ref="V_div_FET1">
      <value>VDiv_FDW254p</value>
      <footprint>EbayParts:TSSOP-8_4.4x3mm_Pitch0.65mm_custom</footprint>
      <libsource lib="EbayParts" part="FDW254p"/>
      <sheetpath names="/" tstamps="/"/>
      <tstamp>58D267E6</tstamp>
    </comp>
    <comp ref="R10">
      <value>82k</value>
      <footprint>Resistors_SMD:R_0805_HandSoldering</footprint>
      <libsource lib="device" part="R"/>
      <sheetpath names="/" tstamps="/"/>
      <tstamp>58CEFF04</tstamp>
    </comp>
    <comp ref="U1">
      <value>Si6943DQ</value>
      <footprint>EbayParts:TSSOP-8_4.4x3mm_Pitch0.65mm_custom</footprint>
      <libsource lib="GPSLogger-cache" part="Si6943DQ"/>
      <sheetpath names="/" tstamps="/"/>
      <tstamp>58F26970</tstamp>
    </comp>
    <comp ref="debug_conn1">
      <value>debug_conn</value>
      <footprint>Pin_Headers:Pin_Header_Angled_1x02_Pitch2.54mm</footprint>
      <libsource lib="conn" part="CONN_01X02"/>
      <sheetpath names="/" tstamps="/"/>
      <tstamp>58F3CCE9</tstamp>
    </comp>
    <comp ref="Fun_BTN1">
      <value>LVCutoff_reset</value>
      <footprint>EbayParts:SMD_Switch_3x6</footprint>
      <libsource lib="conn" part="CONN_01X02"/>
      <sheetpath names="/" tstamps="/"/>
      <tstamp>590DE78C</tstamp>
    </comp>
    <comp ref="LED_D1">
      <value>BLUE</value>
      <footprint>LEDs:LED_0805</footprint>
      <libsource lib="device" part="LED"/>
      <sheetpath names="/" tstamps="/"/>
      <tstamp>590E1C0A</tstamp>
    </comp>
    <comp ref="LED_D2">
      <value>GREEN</value>
      <footprint>LEDs:LED_0805</footprint>
      <libsource lib="device" part="LED"/>
      <sheetpath names="/" tstamps="/"/>
      <tstamp>590E1D37</tstamp>
    </comp>
    <comp ref="LED_D3">
      <value>RED</value>
      <footprint>LEDs:LED_0805</footprint>
      <libsource lib="device" part="LED"/>
      <sheetpath names="/" tstamps="/"/>
      <tstamp>590E1E01</tstamp>
    </comp>
    <comp ref="LED_D4">
      <value>ORANGE</value>
      <footprint>LEDs:LED_0805</footprint>
      <libsource lib="device" part="LED"/>
      <sheetpath names="/" tstamps="/"/>
      <tstamp>590E205D</tstamp>
    </comp>
    <comp ref="STS_LED_EN1">
      <value>STS_LED_EN</value>
      <footprint>EbayParts:SMD_Switch_3x6</footprint>
      <libsource lib="conn" part="CONN_01X02"/>
      <sheetpath names="/" tstamps="/"/>
      <tstamp>590E2C9D</tstamp>
    </comp>
    <comp ref="LED_R1">
      <value>5.6</value>
      <footprint>Resistors_SMD:R_0805_HandSoldering</footprint>
      <libsource lib="device" part="R_Small"/>
      <sheetpath names="/" tstamps="/"/>
      <tstamp>590E6B16</tstamp>
    </comp>
    <comp ref="LED_R2">
      <value>10</value>
      <footprint>Resistors_SMD:R_0805_HandSoldering</footprint>
      <libsource lib="device" part="R_Small"/>
      <sheetpath names="/" tstamps="/"/>
      <tstamp>590E6DE9</tstamp>
    </comp>
    <comp ref="LED_R3">
      <value>56</value>
      <footprint>Resistors_SMD:R_0805_HandSoldering</footprint>
      <libsource lib="device" part="R_Small"/>
      <sheetpath names="/" tstamps="/"/>
      <tstamp>590E6E9A</tstamp>
    </comp>
    <comp ref="LED_R4">
      <value>56</value>
      <footprint>Resistors_SMD:R_0805_HandSoldering</footprint>
      <libsource lib="device" part="R_Small"/>
      <sheetpath names="/" tstamps="/"/>
      <tstamp>590E6F5A</tstamp>
    </comp>
    <comp ref="U5">
      <value>GY-91</value>
      <footprint>EbayParts:GY-91</footprint>
      <libsource lib="EbayParts" part="GY-91"/>
      <sheetpath names="/" tstamps="/"/>
      <tstamp>590E57CD</tstamp>
    </comp>
    <comp ref="U4">
      <value>Teensy-LC</value>
      <footprint>EbayParts:Teensy_LC</footprint>
      <libsource lib="teensy" part="Teensy-LC"/>
      <sheetpath names="/" tstamps="/"/>
      <tstamp>58C78C56</tstamp>
    </comp>
    <comp ref="Fun_BTN2">
      <value>Fun_BTN</value>
      <footprint>EbayParts:SMD_Switch_3x6</footprint>
      <libsource lib="conn" part="CONN_01X02"/>
      <sheetpath names="/" tstamps="/"/>
      <tstamp>59115E42</tstamp>
    </comp>
    <comp ref="R7">
      <value>10k</value>
      <footprint>Resistors_SMD:R_0805_HandSoldering</footprint>
      <libsource lib="device" part="R_Small"/>
      <sheetpath names="/" tstamps="/"/>
      <tstamp>593B1673</tstamp>
    </comp>
    <comp ref="R4">
      <value>10k</value>
      <footprint>Resistors_SMD:R_0805_HandSoldering</footprint>
      <libsource lib="device" part="R_Small"/>
      <sheetpath names="/" tstamps="/"/>
      <tstamp>593B5081</tstamp>
    </comp>
    <comp ref="D1">
      <value>D</value>
      <footprint>Diodes_SMD:D_SOD-323</footprint>
      <libsource lib="device" part="D"/>
      <sheetpath names="/" tstamps="/"/>
      <tstamp>593B6C57</tstamp>
    </comp>
    <comp ref="U2">
      <value>BLE_module</value>
      <footprint>EbayParts:HM-10_breakout</footprint>
      <libsource lib="EbayParts" part="BLE_module"/>
      <sheetpath names="/" tstamps="/"/>
      <tstamp>59558901</tstamp>
    </comp>
    <comp ref="U7">
      <value>Si6943DQ</value>
      <footprint>EbayParts:TSSOP-8_4.4x3mm_Pitch0.65mm_custom</footprint>
      <libsource lib="GPSLogger-cache" part="Si6943DQ"/>
      <sheetpath names="/" tstamps="/"/>
      <tstamp>58F16A43</tstamp>
    </comp>
    <comp ref="GPS_CONN1">
      <value>GPS Connector</value>
      <footprint>EbayParts:Pin_Header_Angled_1x07_Pitch2.54mm</footprint>
      <libsource lib="EbayParts" part="7pinheader"/>
      <sheetpath names="/" tstamps="/"/>
      <tstamp>58C8E9D5</tstamp>
    </comp>
    <comp ref="U6">
      <value>BME280</value>
      <footprint>EbayParts:BME280_tiny</footprint>
      <libsource lib="EbayParts" part="BME280"/>
      <sheetpath names="/" tstamps="/"/>
      <tstamp>59566351</tstamp>
    </comp>
  </components>
  <libparts>
    <libpart lib="EbayParts" part="7pinheader">
      <fields>
        <field name="Reference">U</field>
        <field name="Value">7pinheader</field>
      </fields>
      <pins>
        <pin num="1" name="1" type="input"/>
        <pin num="2" name="2" type="input"/>
        <pin num="3" name="3" type="input"/>
        <pin num="4" name="4" type="input"/>
        <pin num="5" name="5" type="input"/>
        <pin num="6" name="6" type="input"/>
        <pin num="7" name="7" type="input"/>
      </pins>
    </libpart>
    <libpart lib="EbayParts" part="BLE_module">
      <fields>
        <field name="Reference">U</field>
        <field name="Value">BLE_module</field>
      </fields>
      <pins>
        <pin num="1" name="STATE" type="input"/>
        <pin num="2" name="RX_BLE" type="input"/>
        <pin num="3" name="TX_BLE" type="input"/>
        <pin num="4" name="GND" type="input"/>
        <pin num="5" name="VCC" type="input"/>
        <pin num="6" name="EN" type="input"/>
      </pins>
    </libpart>
    <libpart lib="EbayParts" part="BME280">
      <fields>
        <field name="Reference">U</field>
        <field name="Value">BME280</field>
      </fields>
      <pins>
        <pin num="1" name="Vin" type="input"/>
        <pin num="2" name="GND" type="input"/>
        <pin num="3" name="SCL" type="input"/>
        <pin num="4" name="SDA" type="input"/>
      </pins>
    </libpart>
    <libpart lib="device" part="C">
      <description>Unpolarized capacitor</description>
      <footprints>
        <fp>C_*</fp>
      </footprints>
      <fields>
        <field name="Reference">C</field>
        <field name="Value">C</field>
      </fields>
      <pins>
        <pin num="1" name="~" type="passive"/>
        <pin num="2" name="~" type="passive"/>
      </pins>
    </libpart>
    <libpart lib="conn" part="CONN_01X01">
      <description>Connector, single row, 01x01, pin header</description>
      <footprints>
        <fp>Pin_Header_Straight_1X*</fp>
        <fp>Pin_Header_Angled_1X*</fp>
        <fp>Socket_Strip_Straight_1X*</fp>
        <fp>Socket_Strip_Angled_1X*</fp>
      </footprints>
      <fields>
        <field name="Reference">J</field>
        <field name="Value">CONN_01X01</field>
      </fields>
      <pins>
        <pin num="1" name="P1" type="passive"/>
      </pins>
    </libpart>
    <libpart lib="conn" part="CONN_01X02">
      <description>Connector, single row, 01x02, pin header</description>
      <footprints>
        <fp>Pin_Header_Straight_1X*</fp>
        <fp>Pin_Header_Angled_1X*</fp>
        <fp>Socket_Strip_Straight_1X*</fp>
        <fp>Socket_Strip_Angled_1X*</fp>
      </footprints>
      <fields>
        <field name="Reference">J</field>
        <field name="Value">CONN_01X02</field>
      </fields>
      <pins>
        <pin num="1" name="P1" type="passive"/>
        <pin num="2" name="P2" type="passive"/>
      </pins>
    </libpart>
    <libpart lib="conn" part="CONN_01X03">
      <description>Connector, single row, 01x03, pin header</description>
      <footprints>
        <fp>Pin_Header_Straight_1X*</fp>
        <fp>Pin_Header_Angled_1X*</fp>
        <fp>Socket_Strip_Straight_1X*</fp>
        <fp>Socket_Strip_Angled_1X*</fp>
      </footprints>
      <fields>
        <field name="Reference">J</field>
        <field name="Value">CONN_01X03</field>
      </fields>
      <pins>
        <pin num="1" name="P1" type="passive"/>
        <pin num="2" name="P2" type="passive"/>
        <pin num="3" name="P3" type="passive"/>
      </pins>
    </libpart>
    <libpart lib="device" part="D">
      <description>Diode</description>
      <footprints>
        <fp>TO-???*</fp>
        <fp>*SingleDiode</fp>
        <fp>*_Diode_*</fp>
        <fp>*SingleDiode*</fp>
        <fp>D_*</fp>
      </footprints>
      <fields>
        <field name="Reference">D</field>
        <field name="Value">D</field>
      </fields>
      <pins>
        <pin num="1" name="K" type="passive"/>
        <pin num="2" name="A" type="passive"/>
      </pins>
    </libpart>
    <libpart lib="EbayParts" part="FDW254p">
      <fields>
        <field name="Reference">U</field>
        <field name="Value">FDW254p</field>
      </fields>
      <pins>
        <pin num="1" name="Drain" type="input"/>
        <pin num="2" name="Source" type="input"/>
        <pin num="3" name="Source" type="input"/>
        <pin num="4" name="Gate" type="input"/>
        <pin num="5" name="Drain" type="input"/>
        <pin num="6" name="Source" type="input"/>
        <pin num="7" name="Source" type="input"/>
        <pin num="8" name="Drain" type="input"/>
      </pins>
    </libpart>
    <libpart lib="EbayParts" part="GY-91">
      <fields>
        <field name="Reference">U</field>
        <field name="Value">GY-91</field>
      </fields>
      <pins>
        <pin num="1" name="VIN" type="power_in"/>
        <pin num="2" name="3V3" type="power_in"/>
        <pin num="3" name="GND" type="input"/>
        <pin num="4" name="SCL" type="output"/>
        <pin num="5" name="SDA" type="output"/>
        <pin num="6" name="SDO" type="input"/>
        <pin num="7" name="NCS" type="BiDi"/>
        <pin num="8" name="CSB" type="input"/>
      </pins>
    </libpart>
    <libpart lib="EbayParts" part="HM-11">
      <fields>
        <field name="Reference">U</field>
        <field name="Value">HM-11</field>
      </fields>
      <pins>
        <pin num="1" name="RTS" type="input"/>
        <pin num="2" name="Tx" type="input"/>
        <pin num="3" name="CTS" type="input"/>
        <pin num="4" name="Rx" type="input"/>
        <pin num="5" name="P2_1" type="input"/>
        <pin num="6" name="P2_2" type="input"/>
        <pin num="7" name="Pin2" type="input"/>
        <pin num="9" name="VCC" type="power_out"/>
        <pin num="10" name="VCC_NC" type="input"/>
        <pin num="11" name="RESET_LOW" type="input"/>
        <pin num="12" name="GND" type="power_out"/>
        <pin num="13" name="PIO3" type="BiDi"/>
        <pin num="14" name="PIO2" type="BiDi"/>
        <pin num="15" name="PIO1" type="BiDi"/>
        <pin num="16" name="PIO0" type="BiDi"/>
      </pins>
    </libpart>
    <libpart lib="device" part="LED">
      <description>LED generic</description>
      <footprints>
        <fp>LED*</fp>
      </footprints>
      <fields>
        <field name="Reference">D</field>
        <field name="Value">LED</field>
      </fields>
      <pins>
        <pin num="1" name="K" type="passive"/>
        <pin num="2" name="A" type="passive"/>
      </pins>
    </libpart>
    <libpart lib="EbayParts" part="MAX8212">
      <fields>
        <field name="Reference">U</field>
        <field name="Value">MAX8212</field>
      </fields>
      <pins>
        <pin num="2" name="Hyst" type="input"/>
        <pin num="3" name="Thresh" type="input"/>
        <pin num="4" name="Out" type="input"/>
        <pin num="5" name="GND" type="input"/>
        <pin num="8" name="V+" type="input"/>
      </pins>
    </libpart>
    <libpart lib="device" part="R">
      <description>Resistor</description>
      <footprints>
        <fp>R_*</fp>
        <fp>R_*</fp>
      </footprints>
      <fields>
        <field name="Reference">R</field>
        <field name="Value">R</field>
      </fields>
      <pins>
        <pin num="1" name="~" type="passive"/>
        <pin num="2" name="~" type="passive"/>
      </pins>
    </libpart>
    <libpart lib="device" part="R_Small">
      <description>Resistor, small symbol</description>
      <footprints>
        <fp>R_*</fp>
      </footprints>
      <fields>
        <field name="Reference">R</field>
        <field name="Value">R_Small</field>
      </fields>
      <pins>
        <pin num="1" name="~" type="passive"/>
        <pin num="2" name="~" type="passive"/>
      </pins>
    </libpart>
    <libpart lib="EbayParts" part="SDCard_Breakout">
      <fields>
        <field name="Reference">U</field>
        <field name="Value">SDCard_Breakout</field>
      </fields>
      <pins>
        <pin num="1" name="GND" type="power_out"/>
        <pin num="2" name="VCC" type="power_in"/>
        <pin num="3" name="MISO" type="output"/>
        <pin num="4" name="MOSI" type="input"/>
        <pin num="5" name="SCK" type="input"/>
        <pin num="6" name="CS" type="input"/>
      </pins>
    </libpart>
    <libpart lib="GPSLogger-cache" part="Si6943DQ">
      <fields>
        <field name="Reference">U</field>
        <field name="Value">Si6943DQ</field>
      </fields>
      <pins>
        <pin num="1" name="D1" type="input"/>
        <pin num="2" name="S1" type="input"/>
        <pin num="3" name="S1" type="input"/>
        <pin num="4" name="G1" type="input"/>
        <pin num="5" name="G2" type="input"/>
        <pin num="6" name="S2" type="input"/>
        <pin num="7" name="S2" type="input"/>
        <pin num="8" name="D2" type="input"/>
      </pins>
    </libpart>
    <libpart lib="teensy" part="Teensy-LC">
      <fields>
        <field name="Reference">U</field>
        <field name="Value">Teensy-LC</field>
      </fields>
      <pins>
        <pin num="1" name="GND" type="power_in"/>
        <pin num="2" name="0_RX1_MOSI1_Touch" type="BiDi"/>
        <pin num="3" name="1_TX1_MISO1_Touch" type="BiDi"/>
        <pin num="4" name="2" type="BiDi"/>
        <pin num="5" name="3_RX1_PWM_Touch" type="BiDi"/>
        <pin num="6" name="4_TX1_PWM_Touch" type="BiDi"/>
        <pin num="7" name="5_TX1_MISO1" type="BiDi"/>
        <pin num="8" name="6_RX3_CS1_PWM" type="BiDi"/>
        <pin num="9" name="7_RX3_MOSI0" type="BiDi"/>
        <pin num="10" name="8_TX3_MISO0" type="BiDi"/>
        <pin num="11" name="9_RX2_PWM" type="BiDi"/>
        <pin num="12" name="10_TX2_CS0_PWM" type="BiDi"/>
        <pin num="13" name="11_MOSI0" type="BiDi"/>
        <pin num="14" name="12_MISO0" type="BiDi"/>
        <pin num="15" name="17_Vin" type="power_in"/>
        <pin num="16" name="3.3V" type="power_out"/>
        <pin num="17" name="GND" type="power_in"/>
        <pin num="18" name="Program" type="input"/>
        <pin num="19" name="26_A12/DAC" type="BiDi"/>
        <pin num="20" name="13_LED_SCK0" type="BiDi"/>
        <pin num="21" name="14_A0_SCK0" type="BiDi"/>
        <pin num="22" name="15_A1_Touch" type="BiDi"/>
        <pin num="23" name="16_A2_SCL0_PWM_Touch" type="BiDi"/>
        <pin num="24" name="17_A3_SDA0_PWM_Touch" type="BiDi"/>
        <pin num="25" name="18_A4_SDA0_Touch" type="BiDi"/>
        <pin num="26" name="19_A5_SCL0_Touch" type="BiDi"/>
        <pin num="27" name="20_A6_SCK1_PWM_TX3" type="BiDi"/>
        <pin num="28" name="21_A7_MOSI1_RX1" type="BiDi"/>
        <pin num="29" name="22_A8_SCL1_PWM_Touch" type="BiDi"/>
        <pin num="30" name="23_A9_SDA1_PWM_Touch" type="BiDi"/>
        <pin num="31" name="3.3V_max100mA" type="power_in"/>
        <pin num="32" name="GND" type="power_in"/>
        <pin num="33" name="Vin" type="power_in"/>
        <pin num="34" name="VUSB" type="power_in"/>
        <pin num="35" name="AREF" type="input"/>
        <pin num="36" name="24_A10" type="BiDi"/>
        <pin num="37" name="25_A11" type="BiDi"/>
        <pin num="38" name="D+" type="BiDi"/>
        <pin num="39" name="D-" type="BiDi"/>
      </pins>
    </libpart>
  </libparts>
  <libraries>
    <library logical="device">
      <uri>C:\Program Files\KiCad\share\kicad\library\device.lib</uri>
    </library>
    <library logical="conn">
      <uri>C:\Program Files\KiCad\share\kicad\library\conn.lib</uri>
    </library>
    <library logical="teensy">
      <uri>C:\Users\Scott\Documents\KiCad\teensy.lib</uri>
    </library>
    <library logical="EbayParts">
      <uri>C:\Users\Scott\Documents\KiCad\EbayParts.lib</uri>
    </library>
    <library logical="GPSLogger-cache">
      <uri>C:\Users\Scott\Documents\KiCad\GPSLogger-cache.lib</uri>
    </library>
  </libraries>
  <nets>
    <net code="1" name="Net-(U4-Pad3)">
      <node ref="debug_conn1" pin="1"/>
      <node ref="U4" pin="3"/>
    </net>
    <net code="2" name="Net-(R3-Pad1)">
      <node ref="U4" pin="14"/>
      <node ref="R3" pin="1"/>
    </net>
    <net code="3" name="Net-(R1-Pad2)">
      <node ref="U4" pin="5"/>
      <node ref="R1" pin="2"/>
    </net>
    <net code="4" name="Net-(GPS_CONN1-Pad1)">
      <node ref="U1" pin="1"/>
      <node ref="GPS_CONN1" pin="1"/>
    </net>
    <net code="5" name="Net-(U4-Pad2)">
      <node ref="U4" pin="2"/>
      <node ref="debug_conn1" pin="2"/>
    </net>
    <net code="6" name="Net-(LED_R3-Pad2)">
      <node ref="U4" pin="29"/>
      <node ref="LED_R3" pin="2"/>
    </net>
    <net code="7" name="Net-(LED_R4-Pad2)">
      <node ref="U4" pin="30"/>
      <node ref="LED_R4" pin="2"/>
    </net>
    <net code="8" name="Net-(U2-Pad2)">
      <node ref="U2" pin="2"/>
      <node ref="U4" pin="12"/>
    </net>
    <net code="9" name="Net-(U2-Pad3)">
      <node ref="U2" pin="3"/>
      <node ref="U4" pin="11"/>
    </net>
    <net code="10" name="Net-(GPS_CONN1-Pad6)">
      <node ref="GPS_CONN1" pin="6"/>
      <node ref="U4" pin="9"/>
    </net>
    <net code="11" name="Net-(GPS_CONN1-Pad7)">
      <node ref="U4" pin="10"/>
      <node ref="GPS_CONN1" pin="7"/>
    </net>
    <net code="12" name="Net-(BattSwitch1-Pad3)">
      <node ref="U7" pin="6"/>
      <node ref="U7" pin="7"/>
      <node ref="BattSwitch1" pin="3"/>
    </net>
    <net code="13" name="Net-(MAX1-Pad4)">
      <node ref="U7" pin="4"/>
      <node ref="R9" pin="1"/>
      <node ref="MAX1" pin="4"/>
    </net>
    <net code="14" name="Net-(R2-Pad1)">
      <node ref="SD1" pin="2"/>
      <node ref="R2" pin="1"/>
      <node ref="U1" pin="8"/>
    </net>
    <net code="15" name="+BATT">
      <node ref="U7" pin="1"/>
      <node ref="U4" pin="33"/>
      <node ref="U1" pin="6"/>
      <node ref="U1" pin="7"/>
      <node ref="V_div_FET1" pin="7"/>
      <node ref="V_div_FET1" pin="6"/>
    </net>
    <net code="16" name="GND">
      <node ref="C2" pin="2"/>
      <node ref="U2" pin="4"/>
      <node ref="C1" pin="2"/>
      <node ref="GPS_CONN1" pin="2"/>
      <node ref="R12" pin="1"/>
      <node ref="SD1" pin="1"/>
      <node ref="Batt-1" pin="1"/>
      <node ref="U6" pin="2"/>
      <node ref="R4" pin="2"/>
      <node ref="R6" pin="1"/>
      <node ref="MAX1" pin="5"/>
      <node ref="R11" pin="2"/>
      <node ref="U4" pin="32"/>
      <node ref="R7" pin="2"/>
      <node ref="U5" pin="3"/>
      <node ref="R2" pin="2"/>
      <node ref="U4" pin="1"/>
      <node ref="U5" pin="8"/>
      <node ref="U5" pin="6"/>
    </net>
    <net code="17" name="Net-(Fun_BTN1-Pad1)">
      <node ref="Fun_BTN1" pin="1"/>
      <node ref="U4" pin="19"/>
      <node ref="R4" pin="1"/>
    </net>
    <net code="18" name="Net-(MAX1-Pad3)">
      <node ref="R5" pin="1"/>
      <node ref="R6" pin="2"/>
      <node ref="MAX1" pin="3"/>
    </net>
    <net code="19" name="+3V3">
      <node ref="U1" pin="2"/>
      <node ref="U1" pin="3"/>
      <node ref="U4" pin="31"/>
      <node ref="U4" pin="16"/>
      <node ref="U5" pin="1"/>
      <node ref="C1" pin="1"/>
      <node ref="C2" pin="1"/>
      <node ref="U6" pin="1"/>
      <node ref="STS_LED_EN1" pin="2"/>
      <node ref="Fun_BTN1" pin="2"/>
      <node ref="Fun_BTN2" pin="2"/>
    </net>
    <net code="20" name="Net-(U4-Pad15)">
      <node ref="U4" pin="15"/>
    </net>
    <net code="21" name="Net-(U4-Pad39)">
      <node ref="U4" pin="39"/>
    </net>
    <net code="22" name="Net-(LED_R2-Pad2)">
      <node ref="U4" pin="13"/>
      <node ref="LED_R2" pin="2"/>
    </net>
    <net code="23" name="Net-(LED_R1-Pad2)">
      <node ref="LED_R1" pin="2"/>
      <node ref="U4" pin="6"/>
    </net>
    <net code="24" name="Net-(Fun_BTN2-Pad1)">
      <node ref="R7" pin="1"/>
      <node ref="Fun_BTN2" pin="1"/>
      <node ref="U4" pin="23"/>
    </net>
    <net code="25" name="Net-(U2-Pad1)">
      <node ref="U2" pin="1"/>
    </net>
    <net code="26" name="Net-(U2-Pad6)">
      <node ref="U2" pin="6"/>
    </net>
    <net code="27" name="Net-(BLE_PWR_Switch1-Pad2)">
      <node ref="BLE_PWR_Switch1" pin="2"/>
      <node ref="U2" pin="5"/>
    </net>
    <net code="28" name="Net-(V_div_FET1-Pad3)">
      <node ref="V_div_FET1" pin="3"/>
    </net>
    <net code="29" name="Net-(V_div_FET1-Pad2)">
      <node ref="V_div_FET1" pin="2"/>
    </net>
    <net code="30" name="Net-(V_div_FET1-Pad1)">
      <node ref="V_div_FET1" pin="1"/>
    </net>
    <net code="31" name="Net-(V_div_FET1-Pad8)">
      <node ref="V_div_FET1" pin="8"/>
    </net>
    <net code="32" name="Net-(U4-Pad25)">
      <node ref="U6" pin="4"/>
      <node ref="U5" pin="5"/>
      <node ref="U4" pin="25"/>
    </net>
    <net code="33" name="Net-(U4-Pad26)">
      <node ref="U6" pin="3"/>
      <node ref="U5" pin="4"/>
      <node ref="U4" pin="26"/>
    </net>
    <net code="34" name="Net-(GPS_CONN1-Pad5)">
      <node ref="GPS_CONN1" pin="5"/>
    </net>
    <net code="35" name="Net-(GPS_CONN1-Pad4)">
      <node ref="GPS_CONN1" pin="4"/>
    </net>
    <net code="36" name="Net-(GPS_CONN1-Pad3)">
      <node ref="GPS_CONN1" pin="3"/>
    </net>
    <net code="37" name="Net-(SD1-Pad5)">
      <node ref="SD1" pin="5"/>
      <node ref="U4" pin="27"/>
    </net>
    <net code="38" name="Net-(SD1-Pad6)">
      <node ref="SD1" pin="6"/>
      <node ref="U4" pin="8"/>
    </net>
    <net code="39" name="Net-(SD1-Pad3)">
      <node ref="U4" pin="7"/>
      <node ref="SD1" pin="3"/>
    </net>
    <net code="40" name="Net-(SD1-Pad4)">
      <node ref="U4" pin="28"/>
      <node ref="SD1" pin="4"/>
    </net>
    <net code="41" name="Net-(R10-Pad2)">
      <node ref="R10" pin="2"/>
      <node ref="R11" pin="1"/>
      <node ref="U4" pin="22"/>
    </net>
    <net code="42" name="Net-(R8-Pad2)">
      <node ref="U4" pin="21"/>
      <node ref="R8" pin="2"/>
    </net>
    <net code="43" name="Net-(BLE_PWR_Switch1-Pad3)">
      <node ref="U4" pin="24"/>
      <node ref="BLE_PWR_Switch1" pin="3"/>
    </net>
    <net code="44" name="/USBPower+">
      <node ref="U7" pin="5"/>
      <node ref="U4" pin="34"/>
      <node ref="R12" pin="2"/>
      <node ref="D1" pin="2"/>
    </net>
    <net code="45" name="Net-(R8-Pad1)">
      <node ref="R8" pin="1"/>
      <node ref="V_div_FET1" pin="4"/>
    </net>
    <net code="46" name="Net-(Batt+1-Pad1)">
      <node ref="BattSwitch1" pin="2"/>
      <node ref="Batt+1" pin="1"/>
    </net>
    <net code="47" name="Net-(U3-Pad5)">
      <node ref="U3" pin="5"/>
    </net>
    <net code="48" name="Net-(U3-Pad4)">
      <node ref="U3" pin="4"/>
    </net>
    <net code="49" name="Net-(U3-Pad3)">
      <node ref="U3" pin="3"/>
    </net>
    <net code="50" name="Net-(U3-Pad2)">
      <node ref="U3" pin="2"/>
    </net>
    <net code="51" name="Net-(U3-Pad1)">
      <node ref="U3" pin="1"/>
    </net>
    <net code="52" name="Net-(BLE_PWR_Switch1-Pad1)">
      <node ref="BLE_PWR_Switch1" pin="1"/>
    </net>
    <net code="53" name="Net-(U4-Pad20)">
      <node ref="U4" pin="20"/>
    </net>
    <net code="54" name="Net-(U3-Pad6)">
      <node ref="U3" pin="6"/>
    </net>
    <net code="55" name="Net-(BattSwitch1-Pad1)">
      <node ref="BattSwitch1" pin="1"/>
    </net>
    <net code="56" name="/BattPostSwitch">
      <node ref="U7" pin="2"/>
      <node ref="U7" pin="3"/>
      <node ref="U7" pin="8"/>
      <node ref="R9" pin="2"/>
      <node ref="R5" pin="2"/>
      <node ref="D1" pin="1"/>
      <node ref="MAX1" pin="8"/>
    </net>
    <net code="57" name="Net-(MAX1-Pad2)">
      <node ref="MAX1" pin="2"/>
    </net>
    <net code="58" name="Net-(U3-Pad16)">
      <node ref="U3" pin="16"/>
    </net>
    <net code="59" name="Net-(U3-Pad15)">
      <node ref="U3" pin="15"/>
    </net>
    <net code="60" name="Net-(U3-Pad14)">
      <node ref="U3" pin="14"/>
    </net>
    <net code="61" name="Net-(U3-Pad13)">
      <node ref="U3" pin="13"/>
    </net>
    <net code="62" name="Net-(U3-Pad12)">
      <node ref="U3" pin="12"/>
    </net>
    <net code="63" name="Net-(U3-Pad11)">
      <node ref="U3" pin="11"/>
    </net>
    <net code="64" name="Net-(U3-Pad9)">
      <node ref="U3" pin="9"/>
    </net>
    <net code="65" name="Net-(U3-Pad10)">
      <node ref="U3" pin="10"/>
    </net>
    <net code="66" name="Net-(U3-Pad7)">
      <node ref="U3" pin="7"/>
    </net>
    <net code="67" name="Net-(U4-Pad37)">
      <node ref="U4" pin="37"/>
    </net>
    <net code="68" name="Net-(U4-Pad38)">
      <node ref="U4" pin="38"/>
    </net>
    <net code="69" name="Net-(U4-Pad36)">
      <node ref="U4" pin="36"/>
    </net>
    <net code="70" name="Net-(U4-Pad35)">
      <node ref="U4" pin="35"/>
    </net>
    <net code="71" name="Net-(U4-Pad18)">
      <node ref="U4" pin="18"/>
    </net>
    <net code="72" name="Net-(U4-Pad17)">
      <node ref="U4" pin="17"/>
    </net>
    <net code="73" name="Net-(R3-Pad2)">
      <node ref="U1" pin="5"/>
      <node ref="R3" pin="2"/>
    </net>
    <net code="74" name="Net-(R1-Pad1)">
      <node ref="R1" pin="1"/>
      <node ref="U1" pin="4"/>
    </net>
    <net code="75" name="Net-(U4-Pad4)">
      <node ref="U4" pin="4"/>
    </net>
    <net code="76" name="Net-(U5-Pad7)">
      <node ref="U5" pin="7"/>
    </net>
    <net code="77" name="Net-(U5-Pad2)">
      <node ref="U5" pin="2"/>
    </net>
    <net code="78" name="Net-(R10-Pad1)">
      <node ref="V_div_FET1" pin="5"/>
      <node ref="R10" pin="1"/>
    </net>
    <net code="79" name="Net-(LED_D2-Pad2)">
      <node ref="LED_D2" pin="2"/>
      <node ref="LED_R2" pin="1"/>
    </net>
    <net code="80" name="Net-(LED_D4-Pad2)">
      <node ref="LED_D4" pin="2"/>
      <node ref="LED_R4" pin="1"/>
    </net>
    <net code="81" name="Net-(LED_D3-Pad2)">
      <node ref="LED_D3" pin="2"/>
      <node ref="LED_R3" pin="1"/>
    </net>
    <net code="82" name="Net-(LED_D1-Pad2)">
      <node ref="LED_D1" pin="2"/>
      <node ref="LED_R1" pin="1"/>
    </net>
    <net code="83" name="Net-(LED_D1-Pad1)">
      <node ref="LED_D3" pin="1"/>
      <node ref="LED_D2" pin="1"/>
      <node ref="LED_D1" pin="1"/>
      <node ref="LED_D4" pin="1"/>
      <node ref="STS_LED_EN1" pin="1"/>
    </net>
  </nets>
</export>
